CHR,P,A1,A2,SNP,BP
1,5.976163385383121,T,C,rs8880,24021224
1,6.4777488291694105,A,G,rs75427196,24215016
1,7.422680573446206,A,G,rs75459873,24256312
1,5.073766655264686,G,A,rs55942540,76776930
2,5.197582063130402,C,T,rs6757763,118476230
2,5.280348911573695,T,C,rs6742893,118476420
2,5.350146440049089,G,A,rs62192567,118490246
2,5.334855398640086,G,A,rs11895306,118490752
2,5.496246076965636,T,G,rs76897920,142549946
2,5.395146725696425,A,G,rs11885742,205062952
3,5.020060754115648,A,G,rs113898461,128711196
3,5.008020324225872,T,C,rs112910697,128832455
3,5.211254132544902,C,T,rs112213029,128893266
3,6.009778393904368,G,C,rs113129860,128972947
4,5.527252324397308,G,A,rs76759500,47461838
5,5.048797551273077,C,T,rs42984,52589043
5,5.071497123730117,T,A,rs40231,52589059
5,5.219837563421576,A,G,rs38050,52595030
6,5.007453551108111,C,G,rs17217523,115491019
7,5.5269380435280295,A,T,rs62460381,42834966
7,5.903875902096761,T,C,rs80000330,71449166
7,5.1170652674585115,G,A,rs185163827,71517924
8,7.34152782756907,C,A,rs3849810,53009606
8,5.20272206947342,T,C,rs73315003,93915184
8,5.261638087549855,T,C,rs10107188,93931325
8,5.00389566989404,A,G,rs11780788,93956225
8,5.084821854023574,C,A,rs10105970,93957541
8,5.564434321413243,C,G,rs58672202,94003291
8,5.002678283981862,A,C,rs7816196,139153385
9,5.143628235603205,G,A,rs78112258,75791507
9,5.528154036972079,A,C,rs150810031,75796400
10,5.167124646295476,T,C,rs2209295,10135545
10,5.138742263696783,A,G,rs77010422,10137982
10,5.11414482481263,G,C,rs75546719,10146431
11,5.133364773826321,G,A,rs2198706,18213135
11,5.007114371697091,C,T,rs2445149,18214518
11,5.261776138903998,C,T,rs2445146,18216334
11,5.489957936557071,A,C,rs116460231,123352181
11,5.478759895238967,A,C,rs115089156,123352184
15,5.189585331656698,C,A,rs79526707,59292216
15,5.328615154802941,A,G,rs141878770,59292674
17,5.049939550544101,T,G,rs191195095,9468872
18,5.055698486167696,T,C,rs1642258,23152308
18,5.142706712479332,A,G,rs62086133,45606461
